prefecture_id,2025-4,2025-5,2025-6,2025-7,2025-8,2025-9,2025-10,2025-11,2026-4,2026-5,2026-6,2026-7,2026-8,2026-4,2026-5,2026-6,2026-7,2026-8,2026-9,2026-10,2026-11
1,20181.0,20361.0,20427.0,21128.0,20533.0,20022.0,20908.0,20523.0,20222.0,19802.0,21405.0,21613.0,21191.0,21433.0,20578.0,20043.0,21740.0,22130.0,20110.0,20731.0,19996.0
2,3800.0,3789.0,3690.0,3822.0,3793.0,3680.0,3808.0,3776.0,3454.0,3581.0,3535.0,3728.0,3579.0,3163.0,3548.0,3535.0,3771.0,3892.0,3187.0000000000005,3382.0000000000005,3167.0000000000005
3,3539.0,3564.0,3718.0,3739.0,3613.0,3715.0,3885.0,3872.0,3409.0,3632.0,3470.0,3748.0,3540.0,3420.0,3418.0,3721.0,3341.0,4092.0,3261.9999999999995,3455.9999999999995,3277.9999999999995
4,7250.0,7311.0,7130.0,7151.0,6992.0,7301.0,8009.0,7375.0,7161.0,7314.0,7047.0,7239.0,7795.0,7585.0,7260.0,7295.0,6829.0,7948.0,7321.0,7350.0,7405.0
5,3038.0,3139.0,3097.0,3013.0,2962.0,2937.0,3148.0,2990.0,2906.0,2921.0,2947.0,3070.0,2950.0,2795.0,3005.0000000000005,2808.9999999999995,3096.0,2989.0,2791.0,2882.0,2943.0
6,3351.0,3403.0,3477.0,3433.0,3495.0,3453.0,3299.0,3565.0,3243.0,3261.0,3283.0,3333.0,3451.0,3112.0000000000005,3152.999999999999,3353.0,3220.0,3630.0,3401.0000000000005,3314.0000000000005,3302.0000000000005
7,6227.0,6297.0,6232.0,6144.0,6118.0,5910.0,6316.0,6335.0,5825.0,5992.0,6091.0,6421.0,5961.0,6062.0,5812.0,6037.0,6277.0,6427.0,5814.0,5696.0,5867.0
8,8428.0,8623.0,8840.0,8891.0,8969.0,8609.0,9626.0,9044.0,8226.0,8543.0,8220.0,8724.0,9017.0,8252.0,8490.0,8671.0,8210.0,8757.0,8687.0,9214.0,8969.0
9,7644.0,7873.0,7843.0,7831.0,8002.0,7789.0,8165.0,8034.0,7575.0,7825.0,7466.0,7952.0,7978.0,7626.0,7853.0,7684.0,7675.0,7962.000000000001,7735.0,8448.0,7901.0
10,7322.0,7403.0,7402.0,7637.0,7377.0,7411.0,7665.0,7423.0,6848.0,7598.0,7060.0,7000.0,7384.0,7164.0,6961.000000000001,7327.0,6972.0,7392.0,7115.0,7534.0,7461.0
11,20195.0,20265.0,19729.0,20103.0,20874.0,19541.0,20714.0,21129.0,19356.0,20471.0,19321.0,20685.0,20873.0,20863.0,19670.0,19385.0,19472.0,22039.0,18960.0,19514.0,19365.0
12,19568.0,19994.0,19912.0,20028.0,19905.0,19225.0,20551.0,20138.0,19352.0,19891.0,19896.0,20217.0,19585.0,20072.0,19897.0,18937.0,20698.0,20612.0,18792.0,19922.0,19234.0
13,48114.0,48998.0,48089.0,48380.0,49296.0,48288.0,47812.0,49588.0,47761.0,50111.0,46646.0,48406.0,49926.0,52720.0,47919.0,50236.0,46463.0,49920.0,45655.0,49284.0,48234.0
14,27259.0,28122.0,27652.0,28637.0,28131.0,27723.0,28213.0,28498.0,28411.0,30174.0,28061.0,28646.0,30596.0,28688.0,29531.0,28987.0,29001.0,30067.0,28217.0,29278.0,29445.0
15,7491.0,7500.0,7442.0,7328.0,7836.0,7108.0,7532.0,7234.0,7544.0,7524.0,7391.0,7635.0,7844.0,7557.0,7694.0,7673.0,7497.0,7894.0,7071.0,7315.0,7474.0
16,3008.0,2933.0,2981.0,3030.0,3007.0,3062.0,3363.0,3036.0,3260.0,3201.0,3056.0,3247.0,3358.0,3241.0000000000005,3267.0,3052.0,3192.0,3297.0,3315.0,3458.0,3510.0
17,6046.0,6195.0,6324.0,6425.0,6295.0,6186.0,6372.0,6498.0,3892.0,3859.0,3689.0,3862.0,3871.0,3435.000000000002,3998.0,3542.0000000000005,3962.0,4137.0,3326.9999999999995,3693.9999999999995,3474.999999999999
18,3194.0,3231.0,3260.0,3375.0,3348.0,3402.0,3575.0,3266.0,2340.0,2361.0,2283.0,2363.0,2282.0,2009.999999999998,2284.0000000000005,2244.0000000000005,2490.0,2391.0000000000005,2198.9999999999995,2224.9999999999995,2200.9999999999995
19,3658.0,3786.0,3592.0,3717.0,4118.0,3779.0,3942.0,3836.0,2963.0,3002.0,2948.0,2966.0,3180.0,3117.0000000000005,3218.0,2665.0,3109.0,3083.0,2964.0,3014.0,3166.0
20,2262.0,2240.0,2354.0,2245.0,2282.0,2306.0,2365.0,2377.0,5972.0,6323.0,6401.0,6517.0,6516.0,6537.000000000001,6072.0,6110.0,6558.0,6581.0,6432.0,6468.0,6432.0
21,5295.0,5418.0,5407.0,5495.0,5719.0,5617.0,5818.0,5472.0,5348.0,5557.0,5458.0,5691.0,6151.0,4941.0,5416.0,5485.0,5761.0,5752.0,5848.0,5915.0,5757.0
22,10738.0,10789.0,10689.0,10535.0,10562.0,10733.0,11108.0,10722.0,10757.0,11246.0,10627.0,10785.0,12000.0,11119.0,10800.0,11075.0,10772.0,11119.0,11391.0,12359.0,11991.0
23,23381.0,24323.0,24620.0,24084.0,24296.0,24137.0,24404.0,24200.0,23441.0,24461.0,22787.0,23550.0,25850.0,21866.0,24441.0,23884.0,23464.0,24354.0,23770.0,24359.0,24920.0
24,4980.0,5453.0,5403.0,5286.0,5371.0,5638.0,5394.0,5424.0,5213.0,5569.0,5233.0,5334.0,5620.0,5042.0,5618.0,5448.0,5110.0,5660.999999999999,5414.0,5572.0,5506.0
25,4432.0,4645.0,4456.0,4237.0,4252.0,4440.0,4457.0,4338.0,4271.0,4622.0,4436.0,4453.0,4509.0,4305.0,4263.0,4557.0,4372.0,4457.0,4294.0,4376.999999999999,4585.0
26,8916.0,8936.0,8812.0,8860.0,9044.0,8963.0,9311.0,8847.0,8545.0,9210.0,8870.0,8744.0,9408.0,8977.0,8432.0,8739.0,9219.0,8967.0,8915.0,9315.0,9169.0
27,31990.0,32018.0,31589.0,31587.0,32247.0,32201.0,33382.0,31764.0,31809.0,32745.0,32149.0,33748.0,34872.0,33641.0,31190.0,32647.0,34160.0,33526.0,33295.0,34718.0,33498.0
28,17532.0,17522.0,17380.0,17542.0,17290.0,17315.0,17957.0,17182.0,16856.0,17344.0,17544.0,17777.0,18245.0,17919.0,16445.0,17242.0,17653.0,17999.0,17652.0,18695.0,17977.0
29,4167.0,4027.0,4190.0,4005.0,4034.0,4007.0,4048.0,3972.0,4110.0,3959.0,4003.0,4044.0,4437.0,4600.999999999999,3895.000000000001,3945.0,4330.0,3834.0000000000005,4177.999999999999,4780.999999999999,4627.999999999999
30,3305.0,3232.0,3630.0,3345.0,3273.0,3444.0,3524.0,3430.0,3212.0,3249.0,3272.0,3420.0,3483.0,3394.0,3143.0,3078.0,3255.0,3624.0,3445.0,3482.0,3591.0
31,1937.0,1932.0,1949.0,1813.0,1970.0,1854.0,1999.0,1858.0,1757.0,1873.0,1659.0,1804.0,1925.0,1667.9999999999998,1929.9999999999993,1813.0,1567.000000000001,2048.9999999999986,1703.0000000000005,1768.0000000000007,1764.0000000000005
32,1778.0,1788.0,1841.0,1668.0,1719.0,1739.0,1628.0,1615.0,1757.0,1756.0,1700.0,1658.0,1799.0,1793.9999999999998,1624.9999999999998,1742.0000000000007,1704.9999999999998,1911.9999999999998,1529.9999999999995,1654.9999999999995,1704.9999999999995
33,6223.0,6030.0,6233.0,5970.0,6442.0,6257.0,6425.0,6089.0,5669.0,5952.0,5845.0,5882.0,6337.0,5791.0,5495.0,5969.0,5677.0,6065.0,5793.0,6444.0,6006.0
34,9806.0,9972.0,10073.0,9365.0,9481.0,9847.0,9789.0,9921.0,9365.0,10251.0,9594.0,10000.0,10733.0,9117.0,9781.0,9984.0,9543.0,10266.0,9989.0,10622.0,10754.0
35,4037.0,4084.0,3956.0,3664.0,3928.0,4042.0,3910.0,3918.0,3588.0,4017.0,3645.0,3595.0,4020.0,3427.0000000000005,3547.0,3976.999999999999,3617.0000000000005,3894.0,3692.999999999999,3860.9999999999995,3810.9999999999995
36,2212.0,2171.0,2285.0,2145.0,2059.0,2153.0,2290.0,2238.0,2118.0,2247.0,1984.0,2182.0,2305.0,2093.0,2272.0,2220.0,1885.000000000001,2369.999999999999,2161.0,2202.0000000000005,2206.0000000000005
37,2734.0,2865.0,3036.0,2796.0,3015.0,2942.0,2919.0,2950.0,2795.0,3131.0,2759.0,3052.0,3211.0,2760.0,3051.0,3175.0,2583.000000000001,3203.999999999999,3054.0,3240.0,3238.0
38,4214.0,4564.0,4342.0,4164.0,4332.0,4385.0,4352.0,4357.0,4152.0,4413.0,4169.0,4308.0,4461.0,4328.999999999999,4251.0,4291.0,4169.0,4548.0,4196.0,4420.0,4253.0
39,2289.0,2332.0,2432.0,2180.0,2165.0,2381.0,2386.0,2276.0,2095.0,2272.0,2040.0,2322.0,2346.0,2161.0,2048.9999999999995,2353.0000000000005,2267.0,2234.0000000000005,2228.9999999999995,2378.0,2278.9999999999995
40,18226.0,18730.0,18466.0,17802.0,17787.0,19224.0,18801.0,18135.0,17694.0,18519.0,17377.0,18256.0,19659.0,18105.0,17958.0,18024.0,18037.0,18767.0,18732.0,19286.0,18951.0
41,2611.0,2793.0,2817.0,2753.0,2756.0,2831.0,2691.0,2744.0,2750.0,2929.0,2910.0,2797.0,3151.0,2737.0,3006.0,2875.0,3023.0,2816.0000000000005,3118.9999999999995,3145.0,3186.0
42,4434.0,4702.0,4487.0,4327.0,4301.0,4727.0,4543.0,4546.0,4187.0,4477.0,4289.0,4384.0,4620.0,4221.0,4433.0,4351.0,4320.0,4583.0,4392.0,4440.0,4445.0
43,6286.0,6311.0,6303.0,6168.0,6054.0,6539.0,6164.0,6273.0,6022.0,6154.0,5970.0,5754.0,5641.0,6251.0,6048.0,5886.0,6294.0,5666.0,5258.0,5569.0,5246.0
44,3978.0,4180.0,4039.0,3834.0,3604.0,4318.0,3951.0,3897.0,3782.0,3868.0,3895.0,3943.0,4117.0,3782.9999999999995,4070.0,3837.0000000000005,3921.9999999999995,3892.0,4040.999999999999,4125.999999999999,3987.999999999999
45,3257.0,3373.0,3234.0,2913.0,3015.0,3406.0,3315.0,3308.0,3176.0,3249.0,3127.0,3245.0,3528.0,3331.0,3378.0,3067.000000000001,3195.0,3328.0,3375.0,3652.0,3427.0
46,5077.0,4953.0,4987.0,4726.0,4628.0,5416.0,5185.0,4919.0,4704.0,4980.0,4897.0,4975.0,5524.0,4920.0,4827.0,4916.0,5049.0,4851.0,5573.0,5702.0,5746.0
47,4268.0,4664.0,4587.0,4721.0,4281.0,4282.0,4610.0,4648.0,4271.0,4784.0,3882.0,4851.0,4151.0,4457.000000000001,4593.0,4504.000000000001,3874.999999999999,5115.0,3937.999999999999,4055.999999999999,4172.999999999999
